<?xml version="1.0" encoding="UTF-8"?>
<configuration>
    <include resource="org/springframework/boot/logging/logback/defaults.xml" />
    <property name="LOG_FILE" value="logs/app.log" />

    <appender name="FILE-ROLLING" class="ch.qos.logback.core.rolling.RollingFileAppender">
        <file>${LOG_FILE}</file>

        <rollingPolicy class="ch.qos.logback.core.rolling.SizeAndTimeBasedRollingPolicy">
            <fileNamePattern>logs/archived/app.%d{yyyy-MM-dd}.%i.log</fileNamePattern>
            <!-- each archived file, size max 5KB -->
            <maxFileSize>5KB</maxFileSize>
            <!-- total size of all archive files, if total size > 20KB,
				it will delete old archived file -->
            <totalSizeCap>20KB</totalSizeCap>
            <!-- 60 days to keep -->
            <maxHistory>60</maxHistory>
        </rollingPolicy>

        <encoder>
            <pattern>%d %p %c [%t] %m%n</pattern>
        </encoder>
    </appender>

    <appender name="CONSOLE" class="ch.qos.logback.core.ConsoleAppender">
        <layout class="ch.qos.logback.classic.PatternLayout">
            <Pattern>
                %d{HH:mm:ss.SSS} [%t] %-5level %logger{36} - %msg%n
            </Pattern>
        </layout>
    </appender>
    <logger name="com.example.demo" level="error" additivity="false">
        <appender-ref ref="EMAIL" />
    </logger>

    <logger name="com.example.demo" level="trace" additivity="false">
        <appender-ref ref="FILE-ROLLING" />
    </logger>

    <root level="error">
        <appender-ref ref="FILE-ROLLING" />
    </root>

    <logger name="com.example.demo" level="debug" additivity="false">
        <appender-ref ref="CONSOLE" />
    </logger>
    <root level="error">
        <appender-ref ref="CONSOLE" />
    </root>

</configuration>